<?xml version="1.0" encoding="utf-8"?>
<!-- Splash screen file, saved 2/9/2021 1:43:45 PM using CourseLab 171024 -->
<splash>
<settings>
<showsplash>yes</showsplash>
<fitwindow>no</fitwindow>
<fit_small_window>yes</fit_small_window>
</settings>
<data>
<![CDATA[<img src="images/clip20201022.bmp" style="position:absolute;left:-1px;top:-2px;width:1285px;height:723px;"/><div style="position: absolute; box-sizing: border-box; left: 144px; top: 105px; width: 520px; height: 110px;"><p><span style="font-size:28px;"><span style="color:#FF0000;"><span style="font-family:nerisblack,arial black,sans-serif;"><span style="line-height: 14.399999618530273px;">English Course</span></span></span></span></p>

<p><span style="color:#FF0000;"><span style="font-size:48px;"><span style="font-family:tahoma,geneva,sans-serif;"><span style="line-height: 14.399999618530273px;">Writing Skill</span></span></span></span></p></div><div style="position: absolute; left: 144px; top: 248px; width: 200px; height: 66px;"><div style="position: absolute; width: 200px; height: 66px; -webkit-touch-callout: none; -webkit-user-select: none; -khtml-user-select: none; -moz-user-select: none; -ms-user-select: none; user-select: none;" title="START" ><div id="MN6_TTL_BTN_BTN" style="cursor: pointer; position: relative; left: 0; top: 0; box-sizing: border-box; width: 200px; height: 66px; border-style: solid; border-width: 1px; border-color: #FFFFFF; -o-border-radius: 5px; -ms-border-radius: 5px; -moz-border-radius: 5px; -webkit-border-radius: 5px; border-radius: 5px;-o-box-shadow: 2px 2px 6px rgba(102,102,102,0.66);-ms-box-shadow: 2px 2px 6px rgba(102,102,102,0.66);-moz-box-shadow: 2px 2px 6px rgba(102,102,102,0.66); -webkit-box-shadow: 2px 2px 6px rgba(102,102,102,0.66); box-shadow: 2px 2px 6px rgba(102,102,102,0.66);border-color: #FFFFFF; background-color: #164EA0;background-image: -o-linear-gradient(90deg, #164EA0 0%, #B2D1FF 100%); background-image: -ms-linear-gradient(90deg, #164EA0 0%, #B2D1FF 100%); background-image: -moz-linear-gradient(90deg, #164EA0 0%, #B2D1FF 100%); background-image: -webkit-linear-gradient(90deg, #164EA0 0%, #B2D1FF 100%); background-image: linear-gradient(0deg, #164EA0 0%, #B2D1FF 100%);" onmouseover="this.setAttribute('style', this.getAttribute('data-style-over'));" onmouseout="this.setAttribute('style', this.getAttribute('data-style-idle'));" onclick="CL.Start(); return false;" data-style-idle="cursor: pointer; position: relative; left: 0; top: 0; box-sizing: border-box; width: 200px; height: 66px; border-style: solid; border-width: 1px; border-color: #FFFFFF; -o-border-radius: 5px; -ms-border-radius: 5px; -moz-border-radius: 5px; -webkit-border-radius: 5px; border-radius: 5px;-o-box-shadow: 2px 2px 6px rgba(102,102,102,0.66);-ms-box-shadow: 2px 2px 6px rgba(102,102,102,0.66);-moz-box-shadow: 2px 2px 6px rgba(102,102,102,0.66); -webkit-box-shadow: 2px 2px 6px rgba(102,102,102,0.66); box-shadow: 2px 2px 6px rgba(102,102,102,0.66);border-color: #FFFFFF; background-color: #164EA0;background-image: -o-linear-gradient(90deg, #164EA0 0%, #B2D1FF 100%); background-image: -ms-linear-gradient(90deg, #164EA0 0%, #B2D1FF 100%); background-image: -moz-linear-gradient(90deg, #164EA0 0%, #B2D1FF 100%); background-image: -webkit-linear-gradient(90deg, #164EA0 0%, #B2D1FF 100%); background-image: linear-gradient(0deg, #164EA0 0%, #B2D1FF 100%);" data-style-over="cursor: pointer; position: relative; left: 0; top: 0; box-sizing: border-box; width: 200px; height: 66px; border-style: solid; border-width: 1px; border-color: #FFFFFF; -o-border-radius: 5px; -ms-border-radius: 5px; -moz-border-radius: 5px; -webkit-border-radius: 5px; border-radius: 5px;-o-box-shadow: 2px 2px 6px rgba(102,102,102,0.66);-ms-box-shadow: 2px 2px 6px rgba(102,102,102,0.66);-moz-box-shadow: 2px 2px 6px rgba(102,102,102,0.66); -webkit-box-shadow: 2px 2px 6px rgba(102,102,102,0.66); box-shadow: 2px 2px 6px rgba(102,102,102,0.66);border-color: #FFFFFF; background-color: #164EA0;background-image: -o-linear-gradient(270deg, #164EA0 0%, #B2D1FF 100%); background-image: -ms-linear-gradient(270deg, #164EA0 0%, #B2D1FF 100%); background-image: -moz-linear-gradient(270deg, #164EA0 0%, #B2D1FF 100%); background-image: -webkit-linear-gradient(270deg, #164EA0 0%, #B2D1FF 100%); background-image: linear-gradient(180deg, #164EA0 0%, #B2D1FF 100%);"><div id="MN6_TTL_BTN_BTN_BG" style="position: relative; padding: 0; margin: 0; width: 198px; height: 64px; "><table id="MN6_TTL_BTN_BTN_TABLE" style="border-spacing: 0; width: 198px; height: 64px;"><tr><td id="MN6_TTL_BTN_BTN_TABLE_CONTENT" style="text-align: center; vertical-align: middle; padding: 0; text-shadow: 1px 1px 2px rgba(255,255,255,0.66); width: 198px; height: 64px; font-family: clear_sans_mediumregular, Arial, sans-serif; font-size: 28px; color: #FFFFFF; ">START</td></tr></table></div></div></div></div>]]>
</data>
</splash>
