<?xml version="1.0" encoding="UTF-8"?><!--
'*    v_rapid_006.xml
'*
--><params>
    <object>
        <format>2.0</format>
        <label>Process Tabs</label>
        <description>Tabs for sequential process</description>
        <width>980</width>
        <height>540</height>
		<state_extension>false</state_extension>
    </object>
    <page name="Main" w="320" h="270">
        
 		<param type="label" id="lab_tab_type" text="Buttons position" def="" x="10" y="10" w="120" h="11"/>
		<param type="select" id="tab_type" text="" def="bottom" x="130" y="8" w="120" h="13">
			<items>
				<item id="left" label="Left"/>
				<item id="right" label="Right"/>
				<item id="top" label="Top"/>
				<item id="bottom" label="Bottom"/>
			</items>
		</param>
		<param type="label" id="lab_elements" text="Elements" def="" x="10" y="26" w="120" h="13"/>
        <param type="list" id="elements" text="yes" def="yes" x="10" y="24" w="300" h="120">
            <page name="Element" w="320" h="140">
                <param type="check" id="display_first" listcolumn="0" text="Display from the start" def="no" x="10" y="8" w="240" h="13"/>
                <param type="label" id="lab_desc_text" text="Description text" def="" x="10" y="26" w="120" h="13"/>
                <param type="textedit" id="desc_text" text="Description" def="Default text" x="130" y="24" w="163" h="13"/>
				<param type="label" id="lab_narration" text="Sound file" def="" x="10" y="42" w="120" h="13"/>
				<param type="file" id="narration" text="Sound" def="" listcolumn="0" x="130" y="40" w="163" h="13" ext="Sound files(*.mp3;*.ogg;*.oga;*.webm;*.wav;*.swf)|*.mp3;*.ogg;*.oga;*.webm;*.wav;*.swf|MP3 (*.mp3)|*.mp3|OGG (*.oga;*.ogg)|*.ogg;*.oga;|WebM (*.webm)|*.webm|WAV (*.wav)|*.wav|All files (*.*)|*.*|||"/>

				<param type="label" id="lab_spec_tabcolor_scheme" text="Color scheme" def="" x="10" y="74" w="120" h="11"/>
				<param type="select" id="spec_tabcolor_scheme" def="steelblue" text="Idle" x="130" y="72" w="180" h="13">
					<items>
						<item id="turquoise" label="Turquoise">
							<events>
								<event name="selendok" target="spec_tabbg_color" action="disable"/>
								<event name="selendok" target="spec_tabgradient_color" action="disable"/>
								<event name="selendok" target="spec_tabborder_color" action="disable"/>
							</events>
						</item>
						<item id="lightblue" label="Lightblue">
							<events>
								<event name="selendok" target="spec_tabbg_color" action="disable"/>
								<event name="selendok" target="spec_tabgradient_color" action="disable"/>
								<event name="selendok" target="spec_tabborder_color" action="disable"/>
							</events>
						</item>
						<item id="yellow" label="Yellow">
							<events>
								<event name="selendok" target="spec_tabbg_color" action="disable"/>
								<event name="selendok" target="spec_tabgradient_color" action="disable"/>
								<event name="selendok" target="spec_tabborder_color" action="disable"/>
							</events>
						</item>
						<item id="green" label="Green">
							<events>
								<event name="selendok" target="spec_tabbg_color" action="disable"/>
								<event name="selendok" target="spec_tabgradient_color" action="disable"/>
								<event name="selendok" target="spec_tabborder_color" action="disable"/>
							</events>
						</item>
						<item id="brown" label="Brown">
							<events>
								<event name="selendok" target="spec_tabbg_color" action="disable"/>
								<event name="selendok" target="spec_tabgradient_color" action="disable"/>
								<event name="selendok" target="spec_tabborder_color" action="disable"/>
							</events>
						</item>
						<item id="red" label="Red">
							<events>
								<event name="selendok" target="spec_tabbg_color" action="disable"/>
								<event name="selendok" target="spec_tabgradient_color" action="disable"/>
								<event name="selendok" target="spec_tabborder_color" action="disable"/>
							</events>
						</item>
						<item id="deeppink" label="Crimson">
							<events>
								<event name="selendok" target="spec_tabbg_color" action="disable"/>
								<event name="selendok" target="spec_tabgradient_color" action="disable"/>
								<event name="selendok" target="spec_tabborder_color" action="disable"/>
							</events>
						</item>
						<item id="olive" label="Olive">
							<events>
								<event name="selendok" target="spec_tabbg_color" action="disable"/>
								<event name="selendok" target="spec_tabgradient_color" action="disable"/>
								<event name="selendok" target="spec_tabborder_color" action="disable"/>
							</events>
						</item>
						<item id="orange" label="Orange">
							<events>
								<event name="selendok" target="spec_tabbg_color" action="disable"/>
								<event name="selendok" target="spec_tabgradient_color" action="disable"/>
								<event name="selendok" target="spec_tabborder_color" action="disable"/>
							</events>
						</item>
						<item id="pink" label="Pink">
							<events>
								<event name="selendok" target="spec_tabbg_color" action="disable"/>
								<event name="selendok" target="spec_tabgradient_color" action="disable"/>
								<event name="selendok" target="spec_tabborder_color" action="disable"/>
							</events>
						</item>
						<item id="grey" label="Grey">
							<events>
								<event name="selendok" target="spec_tabbg_color" action="disable"/>
								<event name="selendok" target="spec_tabgradient_color" action="disable"/>
								<event name="selendok" target="spec_tabborder_color" action="disable"/>
							</events>
						</item>
						<item id="bluegreen" label="Blue green">
							<events>
								<event name="selendok" target="spec_tabbg_color" action="disable"/>
								<event name="selendok" target="spec_tabgradient_color" action="disable"/>
								<event name="selendok" target="spec_tabborder_color" action="disable"/>
							</events>
						</item>
						<item id="blue" label="Blue">
							<events>
								<event name="selendok" target="spec_tabbg_color" action="disable"/>
								<event name="selendok" target="spec_tabgradient_color" action="disable"/>
								<event name="selendok" target="spec_tabborder_color" action="disable"/>
							</events>
						</item>
						<item id="steelblue" label="Steel blue">
							<events>
								<event name="selendok" target="spec_tabbg_color" action="disable"/>
								<event name="selendok" target="spec_tabgradient_color" action="disable"/>
								<event name="selendok" target="spec_tabborder_color" action="disable"/>
							</events>
						</item>
						<item id="violet" label="Violet">
							<events>
								<event name="selendok" target="spec_tabbg_color" action="disable"/>
								<event name="selendok" target="spec_tabgradient_color" action="disable"/>
								<event name="selendok" target="spec_tabborder_color" action="disable"/>
							</events>
						</item>
						<item id="white" label="White">
							<events>
								<event name="selendok" target="spec_tabbg_color" action="disable"/>
								<event name="selendok" target="spec_tabgradient_color" action="disable"/>
								<event name="selendok" target="spec_tabborder_color" action="disable"/>
							</events>
						</item>
						<item id="black" label="Black">
							<events>
								<event name="selendok" target="spec_tabbg_color" action="disable"/>
								<event name="selendok" target="spec_tabgradient_color" action="disable"/>
								<event name="selendok" target="spec_tabborder_color" action="disable"/>
							</events>
						</item>
						<item id="auto" label="Autogradient">
							<events>
								<event name="selendok" target="spec_tabbg_color" action="enable"/>
								<event name="selendok" target="spec_tabgradient_color" action="disable"/>
								<event name="selendok" target="spec_tabborder_color" action="disable"/>
							</events>
						</item>
						<item id="custom" label="Custom">
							<events>
								<event name="selendok" target="spec_tabbg_color" action="enable"/>
								<event name="selendok" target="spec_tabgradient_color" action="enable"/>
								<event name="selendok" target="spec_tabborder_color" action="enable"/>
							</events>
						</item>
					</items>
				</param>
				<param type="color" id="spec_tabbg_color" text="" def="#E8EEFF" x="130" y="88" w="40" h="13" listcolumn="0"/>
				<param type="color" id="spec_tabgradient_color" text="" def="#FFFFFF" x="190" y="88" w="40" h="13" listcolumn="0"/>
				<param type="color" id="spec_tabborder_color" text="" def="#336699" x="250" y="88" w="40" h="13" listcolumn="0"/>

				<param type="label" id="lab_spec_tabcolor_scheme_selected" text="Color scheme sel." def="" x="10" y="106" w="120" h="11"/>
				<param type="select" id="spec_tabcolor_scheme_selected" def="olive" text="Sel." x="130" y="104" w="180" h="13">
					<items>
						<item id="turquoise" label="Turquoise">
							<events>
								<event name="selendok" target="spec_tabbg_color_selected" action="disable"/>
								<event name="selendok" target="spec_tabgradient_color_selected" action="disable"/>
								<event name="selendok" target="spec_tabborder_color_selected" action="disable"/>
							</events>
						</item>
						<item id="lightblue" label="Lightblue">
							<events>
								<event name="selendok" target="spec_tabbg_color_selected" action="disable"/>
								<event name="selendok" target="spec_tabgradient_color_selected" action="disable"/>
								<event name="selendok" target="spec_tabborder_color_selected" action="disable"/>
							</events>
						</item>
						<item id="yellow" label="Yellow">
							<events>
								<event name="selendok" target="spec_tabbg_color_selected" action="disable"/>
								<event name="selendok" target="spec_tabgradient_color_selected" action="disable"/>
								<event name="selendok" target="spec_tabborder_color_selected" action="disable"/>
							</events>
						</item>
						<item id="green" label="Green">
							<events>
								<event name="selendok" target="spec_tabbg_color_selected" action="disable"/>
								<event name="selendok" target="spec_tabgradient_color_selected" action="disable"/>
								<event name="selendok" target="spec_tabborder_color_selected" action="disable"/>
							</events>
						</item>
						<item id="brown" label="Brown">
							<events>
								<event name="selendok" target="spec_tabbg_color_selected" action="disable"/>
								<event name="selendok" target="spec_tabgradient_color_selected" action="disable"/>
								<event name="selendok" target="spec_tabborder_color_selected" action="disable"/>
							</events>
						</item>
						<item id="red" label="Red">
							<events>
								<event name="selendok" target="spec_tabbg_color_selected" action="disable"/>
								<event name="selendok" target="spec_tabgradient_color_selected" action="disable"/>
								<event name="selendok" target="spec_tabborder_color_selected" action="disable"/>
							</events>
						</item>
						<item id="deeppink" label="Crimson">
							<events>
								<event name="selendok" target="spec_tabbg_color_selected" action="disable"/>
								<event name="selendok" target="spec_tabgradient_color_selected" action="disable"/>
								<event name="selendok" target="spec_tabborder_color_selected" action="disable"/>
							</events>
						</item>
						<item id="olive" label="Olive">
							<events>
								<event name="selendok" target="spec_tabbg_color_selected" action="disable"/>
								<event name="selendok" target="spec_tabgradient_color_selected" action="disable"/>
								<event name="selendok" target="spec_tabborder_color_selected" action="disable"/>
							</events>
						</item>
						<item id="orange" label="Orange">
							<events>
								<event name="selendok" target="spec_tabbg_color_selected" action="disable"/>
								<event name="selendok" target="spec_tabgradient_color_selected" action="disable"/>
								<event name="selendok" target="spec_tabborder_color_selected" action="disable"/>
							</events>
						</item>
						<item id="pink" label="Pink">
							<events>
								<event name="selendok" target="spec_tabbg_color_selected" action="disable"/>
								<event name="selendok" target="spec_tabgradient_color_selected" action="disable"/>
								<event name="selendok" target="spec_tabborder_color_selected" action="disable"/>
							</events>
						</item>
						<item id="grey" label="Grey">
							<events>
								<event name="selendok" target="spec_tabbg_color_selected" action="disable"/>
								<event name="selendok" target="spec_tabgradient_color_selected" action="disable"/>
								<event name="selendok" target="spec_tabborder_color_selected" action="disable"/>
							</events>
						</item>
						<item id="bluegreen" label="Blue green">
							<events>
								<event name="selendok" target="spec_tabbg_color_selected" action="disable"/>
								<event name="selendok" target="spec_tabgradient_color_selected" action="disable"/>
								<event name="selendok" target="spec_tabborder_color_selected" action="disable"/>
							</events>
						</item>
						<item id="blue" label="Blue">
							<events>
								<event name="selendok" target="spec_tabbg_color_selected" action="disable"/>
								<event name="selendok" target="spec_tabgradient_color_selected" action="disable"/>
								<event name="selendok" target="spec_tabborder_color_selected" action="disable"/>
							</events>
						</item>
						<item id="steelblue" label="Steel blue">
							<events>
								<event name="selendok" target="spec_tabbg_color_selected" action="disable"/>
								<event name="selendok" target="spec_tabgradient_color_selected" action="disable"/>
								<event name="selendok" target="spec_tabborder_color_selected" action="disable"/>
							</events>
						</item>
						<item id="violet" label="Violet">
							<events>
								<event name="selendok" target="spec_tabbg_color_selected" action="disable"/>
								<event name="selendok" target="spec_tabgradient_color_selected" action="disable"/>
								<event name="selendok" target="spec_tabborder_color_selected" action="disable"/>
							</events>
						</item>
						<item id="white" label="White">
							<events>
								<event name="selendok" target="spec_tabbg_color_selected" action="disable"/>
								<event name="selendok" target="spec_tabgradient_color_selected" action="disable"/>
								<event name="selendok" target="spec_tabborder_color_selected" action="disable"/>
							</events>
						</item>
						<item id="black" label="Black">
							<events>
								<event name="selendok" target="spec_tabbg_color_selected" action="disable"/>
								<event name="selendok" target="spec_tabgradient_color_selected" action="disable"/>
								<event name="selendok" target="spec_tabborder_color_selected" action="disable"/>
							</events>
						</item>
						<item id="auto" label="Autogradient">
							<events>
								<event name="selendok" target="spec_tabbg_color_selected" action="enable"/>
								<event name="selendok" target="spec_tabgradient_color_selected" action="disable"/>
								<event name="selendok" target="spec_tabborder_color_selected" action="disable"/>
							</events>
						</item>
						<item id="custom" label="Custom">
							<events>
								<event name="selendok" target="spec_tabbg_color_selected" action="enable"/>
								<event name="selendok" target="spec_tabgradient_color_selected" action="enable"/>
								<event name="selendok" target="spec_tabborder_color_selected" action="enable"/>
							</events>
						</item>
					</items>
				</param>
				<param type="color" id="spec_tabbg_color_selected" text="" def="#E8EEFF" x="130" y="120" w="40" h="13" listcolumn="0"/>
				<param type="color" id="spec_tabgradient_color_selected" text="" def="#FFFFFF" x="190" y="120" w="40" h="13" listcolumn="0"/>
				<param type="color" id="spec_tabborder_color_selected" text="" def="#336699" x="250" y="120" w="40" h="13" listcolumn="0"/>

            </page>
        </param>
		

		<param type="check" id="display_default_text" text="When none selected" def="" x="10" y="150" w="120" h="13">
			<events>
				<event name="check" target="default_text" action="enable"/>
				<event name="uncheck" target="default_text" action="disable"/>
			</events>
		</param>
		<param type="textedit" id="default_text" text="" def="Select one of the tabs" x="130" y="150" w="163" h="13"/>

		<param type="check" id="restore_state" text="Restore object" def="yes" x="10" y="166" w="240" h="13"/>

		<param type="check" id="custom_sequence" text="Custom numeration" def="no" x="10" y="182" w="120" h="13">
			<events>
				<event name="check" target="custom_sequence_string" action="enable"/>
				<event name="uncheck" target="custom_sequence_string" action="disable"/>
			</events>			
		</param>
		<param type="edit" id="custom_sequence_string" text="" def="A,B,C,D,E,F,G,H" x="130" y="182" w="180" h="13"/>

		<param type="label" id="lab_tab_size" text="Buttons size" def="" x="10" y="200" w="120" h="11"/>
		<param type="spinner" id="tab_size" text="" def="10" x="130" y="198" w="32" h="13" min="1" max="99"/>
		<param type="label" id="lab_tab_size_pc" text="%" def="" x="165" y="200" w="28" h="13"/>

		<param type="label" id="lab_shadow" text="Shadow" def="" x="10" y="216" w="120" h="13"/>
		<param type="select" id="shadow_strength" text="" def="normal" x="130" y="214" w="120" h="13">
			<items>
				<item id="none" label="None"/>
				<item id="extralight" label="Extra light"/>
				<item id="light" label="Light"/>
				<item id="normal" label="Normal"/>
				<item id="dark" label="Intense"/>
				<item id="extradark" label="Very intense"/>
			</items>
		</param>
    </page>

	<page name="Tabs" w="320" h="270">
		<param type="line" id="LINE_bg_1" text="" def="" x="5" y="8" w="310" h="126"/>
		<param type="line" id="LINE_bg_2" text="" def="" x="5" y="24" w="310" h="110"/>
		<param type="label" id="lab_desc_view" text="Display" def="" x="15" y="12" w="120" h="11"/>

		<param type="label" id="lab_tab_color_scheme" text="Color scheme" def="" x="15" y="34" w="115" h="11"/>
		<param type="select" id="tab_color_scheme" def="steelblue" text="" x="130" y="32" w="175" h="13">
			<items>
				<item id="spec" label="By tab settings">
					<events>
						<event name="selendok" target="tab_bg_color" action="disable"/>
						<event name="selendok" target="tab_gradient_color" action="disable"/>
						<event name="selendok" target="tab_border_color" action="disable"/>
					</events>
				</item>
				<item id="turquoise" label="Turquoise">
					<events>
						<event name="selendok" target="tab_bg_color" action="disable"/>
						<event name="selendok" target="tab_gradient_color" action="disable"/>
						<event name="selendok" target="tab_border_color" action="disable"/>
					</events>
				</item>
				<item id="lightblue" label="Lightblue">
					<events>
						<event name="selendok" target="tab_bg_color" action="disable"/>
						<event name="selendok" target="tab_gradient_color" action="disable"/>
						<event name="selendok" target="tab_border_color" action="disable"/>
					</events>
				</item>
				<item id="yellow" label="Yellow">
					<events>
						<event name="selendok" target="tab_bg_color" action="disable"/>
						<event name="selendok" target="tab_gradient_color" action="disable"/>
						<event name="selendok" target="tab_border_color" action="disable"/>
					</events>
				</item>
				<item id="green" label="Green">
					<events>
						<event name="selendok" target="tab_bg_color" action="disable"/>
						<event name="selendok" target="tab_gradient_color" action="disable"/>
						<event name="selendok" target="tab_border_color" action="disable"/>
					</events>
				</item>
				<item id="brown" label="Brown">
					<events>
						<event name="selendok" target="tab_bg_color" action="disable"/>
						<event name="selendok" target="tab_gradient_color" action="disable"/>
						<event name="selendok" target="tab_border_color" action="disable"/>
					</events>
				</item>
				<item id="red" label="Red">
					<events>
						<event name="selendok" target="tab_bg_color" action="disable"/>
						<event name="selendok" target="tab_gradient_color" action="disable"/>
						<event name="selendok" target="tab_border_color" action="disable"/>
					</events>
				</item>
				<item id="deeppink" label="Crimson">
					<events>
						<event name="selendok" target="tab_bg_color" action="disable"/>
						<event name="selendok" target="tab_gradient_color" action="disable"/>
						<event name="selendok" target="tab_border_color" action="disable"/>
					</events>
				</item>
				<item id="olive" label="Olive">
					<events>
						<event name="selendok" target="tab_bg_color" action="disable"/>
						<event name="selendok" target="tab_gradient_color" action="disable"/>
						<event name="selendok" target="tab_border_color" action="disable"/>
					</events>
				</item>
				<item id="orange" label="Orange">
					<events>
						<event name="selendok" target="tab_bg_color" action="disable"/>
						<event name="selendok" target="tab_gradient_color" action="disable"/>
						<event name="selendok" target="tab_border_color" action="disable"/>
					</events>
				</item>
				<item id="pink" label="Pink">
					<events>
						<event name="selendok" target="tab_bg_color" action="disable"/>
						<event name="selendok" target="tab_gradient_color" action="disable"/>
						<event name="selendok" target="tab_border_color" action="disable"/>
					</events>
				</item>
				<item id="grey" label="Grey">
					<events>
						<event name="selendok" target="tab_bg_color" action="disable"/>
						<event name="selendok" target="tab_gradient_color" action="disable"/>
						<event name="selendok" target="tab_border_color" action="disable"/>
					</events>
				</item>
				<item id="bluegreen" label="Blue green">
					<events>
						<event name="selendok" target="tab_bg_color" action="disable"/>
						<event name="selendok" target="tab_gradient_color" action="disable"/>
						<event name="selendok" target="tab_border_color" action="disable"/>
					</events>
				</item>
				<item id="blue" label="Blue">
					<events>
						<event name="selendok" target="tab_bg_color" action="disable"/>
						<event name="selendok" target="tab_gradient_color" action="disable"/>
						<event name="selendok" target="tab_border_color" action="disable"/>
					</events>
				</item>
				<item id="steelblue" label="Steel blue">
					<events>
						<event name="selendok" target="tab_bg_color" action="disable"/>
						<event name="selendok" target="tab_gradient_color" action="disable"/>
						<event name="selendok" target="tab_border_color" action="disable"/>
					</events>
				</item>
				<item id="violet" label="Violet">
					<events>
						<event name="selendok" target="tab_bg_color" action="disable"/>
						<event name="selendok" target="tab_gradient_color" action="disable"/>
						<event name="selendok" target="tab_border_color" action="disable"/>
					</events>
				</item>
				<item id="white" label="White">
					<events>
						<event name="selendok" target="tab_bg_color" action="disable"/>
						<event name="selendok" target="tab_gradient_color" action="disable"/>
						<event name="selendok" target="tab_border_color" action="disable"/>
					</events>
				</item>
				<item id="black" label="Black">
					<events>
						<event name="selendok" target="tab_bg_color" action="disable"/>
						<event name="selendok" target="tab_gradient_color" action="disable"/>
						<event name="selendok" target="tab_border_color" action="disable"/>
					</events>
				</item>
				<item id="auto" label="Autogradient">
					<events>
						<event name="selendok" target="tab_bg_color" action="enable"/>
						<event name="selendok" target="tab_gradient_color" action="disable"/>
						<event name="selendok" target="tab_border_color" action="disable"/>
					</events>
				</item>
				<item id="custom" label="Custom">
					<events>
						<event name="selendok" target="tab_bg_color" action="enable"/>
						<event name="selendok" target="tab_gradient_color" action="enable"/>
						<event name="selendok" target="tab_border_color" action="enable"/>
					</events>
				</item>
			</items>
		</param>
		<param type="color" id="tab_bg_color" text="" def="#E8EEFF" x="130" y="48" w="40" h="13"/>
		<param type="color" id="tab_gradient_color" text="" def="#FFFFFF" x="190" y="48" w="40" h="13"/>
		<param type="color" id="tab_border_color" text="" def="#336699" x="250" y="48" w="40" h="13"/>

		<param type="label" id="lab_tab_color_scheme_selected" text="Color scheme sel." def="" x="15" y="66" w="115" h="11"/>
		<param type="select" id="tab_color_scheme_selected" def="olive" text="" x="130" y="64" w="175" h="13">
			<items>
				<item id="spec" label="By tab settings">
					<events>
						<event name="selendok" target="tab_bg_color_selected" action="disable"/>
						<event name="selendok" target="tab_gradient_color_selected" action="disable"/>
						<event name="selendok" target="tab_border_color_selected" action="disable"/>
					</events>
				</item>
				<item id="turquoise" label="Turquoise">
					<events>
						<event name="selendok" target="tab_bg_color_selected" action="disable"/>
						<event name="selendok" target="tab_gradient_color_selected" action="disable"/>
						<event name="selendok" target="tab_border_color_selected" action="disable"/>
					</events>
				</item>
				<item id="lightblue" label="Lightblue">
					<events>
						<event name="selendok" target="tab_bg_color_selected" action="disable"/>
						<event name="selendok" target="tab_gradient_color_selected" action="disable"/>
						<event name="selendok" target="tab_border_color_selected" action="disable"/>
					</events>
				</item>
				<item id="yellow" label="Yellow">
					<events>
						<event name="selendok" target="tab_bg_color_selected" action="disable"/>
						<event name="selendok" target="tab_gradient_color_selected" action="disable"/>
						<event name="selendok" target="tab_border_color_selected" action="disable"/>
					</events>
				</item>
				<item id="green" label="Green">
					<events>
						<event name="selendok" target="tab_bg_color_selected" action="disable"/>
						<event name="selendok" target="tab_gradient_color_selected" action="disable"/>
						<event name="selendok" target="tab_border_color_selected" action="disable"/>
					</events>
				</item>
				<item id="brown" label="Brown">
					<events>
						<event name="selendok" target="tab_bg_color_selected" action="disable"/>
						<event name="selendok" target="tab_gradient_color_selected" action="disable"/>
						<event name="selendok" target="tab_border_color_selected" action="disable"/>
					</events>
				</item>
				<item id="red" label="Red">
					<events>
						<event name="selendok" target="tab_bg_color_selected" action="disable"/>
						<event name="selendok" target="tab_gradient_color_selected" action="disable"/>
						<event name="selendok" target="tab_border_color_selected" action="disable"/>
					</events>
				</item>
				<item id="deeppink" label="Crimson">
					<events>
						<event name="selendok" target="tab_bg_color_selected" action="disable"/>
						<event name="selendok" target="tab_gradient_color_selected" action="disable"/>
						<event name="selendok" target="tab_border_color_selected" action="disable"/>
					</events>
				</item>
				<item id="olive" label="Olive">
					<events>
						<event name="selendok" target="tab_bg_color_selected" action="disable"/>
						<event name="selendok" target="tab_gradient_color_selected" action="disable"/>
						<event name="selendok" target="tab_border_color_selected" action="disable"/>
					</events>
				</item>
				<item id="orange" label="Orange">
					<events>
						<event name="selendok" target="tab_bg_color_selected" action="disable"/>
						<event name="selendok" target="tab_gradient_color_selected" action="disable"/>
						<event name="selendok" target="tab_border_color_selected" action="disable"/>
					</events>
				</item>
				<item id="pink" label="Pink">
					<events>
						<event name="selendok" target="tab_bg_color_selected" action="disable"/>
						<event name="selendok" target="tab_gradient_color_selected" action="disable"/>
						<event name="selendok" target="tab_border_color_selected" action="disable"/>
					</events>
				</item>
				<item id="grey" label="Grey">
					<events>
						<event name="selendok" target="tab_bg_color_selected" action="disable"/>
						<event name="selendok" target="tab_gradient_color_selected" action="disable"/>
						<event name="selendok" target="tab_border_color_selected" action="disable"/>
					</events>
				</item>
				<item id="bluegreen" label="Blue green">
					<events>
						<event name="selendok" target="tab_bg_color_selected" action="disable"/>
						<event name="selendok" target="tab_gradient_color_selected" action="disable"/>
						<event name="selendok" target="tab_border_color_selected" action="disable"/>
					</events>
				</item>
				<item id="blue" label="Blue">
					<events>
						<event name="selendok" target="tab_bg_color_selected" action="disable"/>
						<event name="selendok" target="tab_gradient_color_selected" action="disable"/>
						<event name="selendok" target="tab_border_color_selected" action="disable"/>
					</events>
				</item>
				<item id="steelblue" label="Steel blue">
					<events>
						<event name="selendok" target="tab_bg_color_selected" action="disable"/>
						<event name="selendok" target="tab_gradient_color_selected" action="disable"/>
						<event name="selendok" target="tab_border_color_selected" action="disable"/>
					</events>
				</item>
				<item id="violet" label="Violet">
					<events>
						<event name="selendok" target="tab_bg_color_selected" action="disable"/>
						<event name="selendok" target="tab_gradient_color_selected" action="disable"/>
						<event name="selendok" target="tab_border_color_selected" action="disable"/>
					</events>
				</item>
				<item id="white" label="White">
					<events>
						<event name="selendok" target="tab_bg_color_selected" action="disable"/>
						<event name="selendok" target="tab_gradient_color_selected" action="disable"/>
						<event name="selendok" target="tab_border_color_selected" action="disable"/>
					</events>
				</item>
				<item id="black" label="Black">
					<events>
						<event name="selendok" target="tab_bg_color_selected" action="disable"/>
						<event name="selendok" target="tab_gradient_color_selected" action="disable"/>
						<event name="selendok" target="tab_border_color_selected" action="disable"/>
					</events>
				</item>
				<item id="auto" label="Autogradient">
					<events>
						<event name="selendok" target="tab_bg_color_selected" action="enable"/>
						<event name="selendok" target="tab_gradient_color_selected" action="disable"/>
						<event name="selendok" target="tab_border_color_selected" action="disable"/>
					</events>
				</item>
				<item id="custom" label="Custom">
					<events>
						<event name="selendok" target="tab_bg_color_selected" action="enable"/>
						<event name="selendok" target="tab_gradient_color_selected" action="enable"/>
						<event name="selendok" target="tab_border_color_selected" action="enable"/>
					</events>
				</item>
			</items>
		</param>
		<param type="color" id="tab_bg_color_selected" text="" def="#E8EEFF" x="130" y="80" w="40" h="13"/>
		<param type="color" id="tab_gradient_color_selected" text="" def="#FFFFFF" x="190" y="80" w="40" h="13"/>
		<param type="color" id="tab_border_color_selected" text="" def="#336699" x="250" y="80" w="40" h="13"/>

		<param type="label" id="lab_tab_border_width" text="Border, radius" def="" x="15" y="98" w="115" h="11"/>
		<param type="spinner" id="tab_border_width" text="" def="1" x="130" y="96" w="32" h="13" min="0" max="99"/>
		<param type="label" id="lab_tab_border_width_px" text="px" def="" x="165" y="98" w="20" h="13"/>
		<param type="spinner" id="tab_radius" text="" def="10" x="190" y="96" w="32" h="13" min="0" max="99"/>
		<param type="label" id="lab_tab_radius_px" text="px" def="" x="225" y="98" w="20" h="13"/>

		<param type="label" id="lab_tab_padding" text="Padding vert/hor" def="" x="15" y="114" w="115" h="13"/>
		<param type="spinner" id="tab_padding_tb" text="" def="5" x="130" y="112" w="32" h="13" min="0" max="99"/>
		<param type="label" id="lab_tab_padding_tb2" text="px" def="" x="165" y="114" w="20" h="13"/>
		<param type="spinner" id="tab_padding_lr" text="" def="5" x="190" y="112" w="32" h="13" min="0" max="99"/>
		<param type="label" id="lab_tab_padding_lr2" text="px" def="" x="225" y="114" w="36" h="13"/>

		<param type="line" id="LINE_font_1" text="" def="" x="5" y="142" w="310" h="78"/>
        <param type="line" id="LINE_font_2" text="" def="" x="5" y="158" w="310" h="62"/>

		<param type="label" id="lab_font" text="Font" x="15" y="146" w="120" h="11"/>
		<param type="select" id="font" text="" def="robotomedium" x="15" y="166" w="113" h="13">
			<items>
				<item id="Arial" label="Arial">
					<events>
						<event name="selendok" target="font_custom" action="disable"/>
					</events>
				</item>
				<item id="ArialBlack" label="Arial Black">
					<events>
						<event name="selendok" target="font_custom" action="disable"/>
					</events>
				</item>
				<item id="ArialNarrow" label="Arial Narrow">
					<events>
						<event name="selendok" target="font_custom" action="disable"/>
					</events>
				</item>
				<item id="ComicSansMS" label="Comic Sans MS">
					<events>
						<event name="selendok" target="font_custom" action="disable"/>
					</events>
				</item>
				<item id="CourierNew" label="Courier New">
					<events>
						<event name="selendok" target="font_custom" action="disable"/>
					</events>
				</item>
				<item id="Georgia" label="Georgia">
					<events>
						<event name="selendok" target="font_custom" action="disable"/>
					</events>
				</item>
				<item id="Impact" label="Impact">
					<events>
						<event name="selendok" target="font_custom" action="disable"/>
					</events>
				</item>
				<item id="LucidaConsole" label="Lucida Console">
					<events>
						<event name="selendok" target="font_custom" action="disable"/>
					</events>
				</item>
				<item id="LucidaSansUnicode" label="Lucida Sans Unicode">
					<events>
						<event name="selendok" target="font_custom" action="disable"/>
					</events>
				</item>
				<item id="Palatino" label="Palatino">
					<events>
						<event name="selendok" target="font_custom" action="disable"/>
					</events>
				</item>
				<item id="Tahoma" label="Tahoma">
					<events>
						<event name="selendok" target="font_custom" action="disable"/>
					</events>
				</item>
				<item id="Times" label="Times New Roman">
					<events>
						<event name="selendok" target="font_custom" action="disable"/>
					</events>
				</item>
				<item id="TrebuchetMS" label="Trebuchet MS">
					<events>
						<event name="selendok" target="font_custom" action="disable"/>
					</events>
				</item>
				<item id="Verdana" label="Verdana">
					<events>
						<event name="selendok" target="font_custom" action="disable"/>
					</events>
				</item>
				<item id="clear_sans_lightregular" label="WF Clear Sans Light">
					<events>
						<event name="selendok" target="font_custom" action="disable"/>
					</events>
				</item>
				<item id="clear_sans_mediumregular" label="WF Clear Sans Medium">
					<events>
						<event name="selendok" target="font_custom" action="disable"/>
					</events>
				</item>
				<item id="clear_sansregular" label="WF Clear Sans Regular">
					<events>
						<event name="selendok" target="font_custom" action="disable"/>
					</events>
				</item>
				<item id="clear_sans_thinregular" label="WF Clear Sans Thin">
					<events>
						<event name="selendok" target="font_custom" action="disable"/>
					</events>
				</item>
				<item id="droid_sans_monoregular" label="WF Droid Sans Mono">
					<events>
						<event name="selendok" target="font_custom" action="disable"/>
					</events>
				</item>
				<item id="droid_sansregular" label="WF Droid Sans Regular">
					<events>
						<event name="selendok" target="font_custom" action="disable"/>
					</events>
				</item>
				<item id="droid_serifregular" label="WF Droid Serif Regular">
					<events>
						<event name="selendok" target="font_custom" action="disable"/>
					</events>
				</item>
				<item id="nerisblack" label="WF Neris Black">
					<events>
						<event name="selendok" target="font_custom" action="disable"/>
					</events>
				</item>
				<item id="nerislight" label="WF Neris Light">
					<events>
						<event name="selendok" target="font_custom" action="disable"/>
					</events>
				</item>
				<item id="nerissemibold" label="WF Neris SemiBold">
					<events>
						<event name="selendok" target="font_custom" action="disable"/>
					</events>
				</item>
				<item id="neristhin" label="WF Neris Thin">
					<events>
						<event name="selendok" target="font_custom" action="disable"/>
					</events>
				</item>
				<item id="noto_sansregular" label="WF Noto Sans Regular">
					<events>
						<event name="selendok" target="font_custom" action="disable"/>
					</events>
				</item>
				<item id="noto_serifregular" label="WF Noto Serif Regular">
					<events>
						<event name="selendok" target="font_custom" action="disable"/>
					</events>
				</item>
				<item id="open_sanscondensed_light" label="WF Open Sans Condensed Light">
					<events>
						<event name="selendok" target="font_custom" action="disable"/>
					</events>
				</item>
				<item id="open_sansextrabold" label="WF Open Sans Extra Bold">
					<events>
						<event name="selendok" target="font_custom" action="disable"/>
					</events>
				</item>
				<item id="open_sanslight" label="WF Open Sans Light">
					<events>
						<event name="selendok" target="font_custom" action="disable"/>
					</events>
				</item>
				<item id="open_sansregular" label="WF Open Sans Regular">
					<events>
						<event name="selendok" target="font_custom" action="disable"/>
					</events>
				</item>
				<item id="open_sanssemibold" label="WF Open Sans SemiBold">
					<events>
						<event name="selendok" target="font_custom" action="disable"/>
					</events>
				</item>
				<item id="permiansanstypefaceregular" label="WF Permian Sans Regular">
					<events>
						<event name="selendok" target="font_custom" action="disable"/>
					</events>
				</item>
				<item id="permianseriftypefaceregular" label="WF Permian Serif Regular">
					<events>
						<event name="selendok" target="font_custom" action="disable"/>
					</events>
				</item>
				<item id="permianslabseriftypefaceRg" label="WF Permian Slab Serif Regular">
					<events>
						<event name="selendok" target="font_custom" action="disable"/>
					</events>
				</item>
				<item id="robotoblack" label="WF Roboto Black">
					<events>
						<event name="selendok" target="font_custom" action="disable"/>
					</events>
				</item>
				<item id="roboto_condensedregular" label="WF Roboto Condensed">
					<events>
						<event name="selendok" target="font_custom" action="disable"/>
					</events>
				</item>
				<item id="roboto_condensedlight" label="WF Roboto Condensed Light">
					<events>
						<event name="selendok" target="font_custom" action="disable"/>
					</events>
				</item>
				<item id="robotolight" label="WF Roboto Light">
					<events>
						<event name="selendok" target="font_custom" action="disable"/>
					</events>
				</item>
				<item id="robotomedium" label="WF Roboto Medium">
					<events>
						<event name="selendok" target="font_custom" action="disable"/>
					</events>
				</item>
				<item id="robotoregular" label="WF Roboto Regular">
					<events>
						<event name="selendok" target="font_custom" action="disable"/>
					</events>
				</item>
				<item id="robotothin" label="WF Roboto Thin">
					<events>
						<event name="selendok" target="font_custom" action="disable"/>
					</events>
				</item>
				<item id="roboto_slablight" label="WF Roboto Slab Light">
					<events>
						<event name="selendok" target="font_custom" action="disable"/>
					</events>
				</item>
				<item id="roboto_slabregular" label="WF Roboto Slab Regular">
					<events>
						<event name="selendok" target="font_custom" action="disable"/>
					</events>
				</item>
				<item id="roboto_slabthin" label="WF Roboto Slab Thin">
					<events>
						<event name="selendok" target="font_custom" action="disable"/>
					</events>
				</item>
				<item id="custom" label="Custom">
					<events>
						<event name="selendok" target="font_custom" action="enable"/>
					</events>
				</item>
			</items>
		</param>
		<param type="edit" id="font_custom" text="" def="" x="130" y="166" w="175" h="13"/>

		<param type="label" id="lab_font_style" text="Style, size" def="" x="15" y="184" w="115" h="11"/>
		<param type="select" id="font_style" text="" def="normal" x="130" y="182" w="118" h="13">
			<items>
				<item id="normal" label="Normal"/>
				<item id="bold" label="Bold"/>
				<item id="italic" label="Italic"/>
				<item id="bolditalic" label="Bold italic"/>
			</items>
		</param>
		<param type="spinner" id="font_size" text="" def="16" x="250" y="182" w="32" h="13" min="1" max="100"/>
		<param type="label" id="lab_font_size2" text="px" x="285" y="184" w="25" h="11"/>

		<param type="label" id="lab_text_shadow_strength" text="Shadow" def="" x="15" y="200" w="115" h="11"/>
		<param type="select" id="text_shadow_strength" text="" def="normal" x="130" y="198" w="118" h="13">
			<items>
				<item id="none" label="None">
					<events>
						<event name="selendok" target="text_shadow_color" action="disable"/>
					</events>
				</item>
				<item id="extralight" label="Extra light">
					<events>
						<event name="selendok" target="text_shadow_color" action="enable"/>
					</events>
				</item>
				<item id="light" label="Light">
					<events>
						<event name="selendok" target="text_shadow_color" action="enable"/>
					</events>
				</item>
				<item id="normal" label="Normal">
					<events>
						<event name="selendok" target="text_shadow_color" action="enable"/>
					</events>
				</item>
				<item id="dark" label="Intense">
					<events>
						<event name="selendok" target="text_shadow_color" action="enable"/>
					</events>
				</item>
				<item id="extradark" label="Very intense">
					<events>
						<event name="selendok" target="text_shadow_color" action="enable"/>
					</events>
				</item>
			</items>
		</param>
		<param type="color" id="text_shadow_color" text="" def="#FFFFFF" x="250" y="198" w="40" h="13"/>

	</page>
	<page name="Controls" w="320" h="270">
		
		<param type="check" id="display_ribbon" text="Display controls ribbon" def="yes" x="10" y="8" w="300" h="13">
			<events>
				<event name="check" target="fs_ribbon" action="show"/>
				<event name="uncheck" target="fs_ribbon" action="hide"/>
			</events>
		</param>

		<param type="fieldset" id="fs_ribbon">
			
			<param type="label" id="lab_ribbon_text" text="Title text" def="" x="10" y="30" w="130" h="13"/>
			<param type="edit" id="ribbon_text" text="" def="Name" x="130" y="28" w="180" h="13"/>
	
			<param type="label" id="lab_ribbon_color_scheme" text="Color scheme" def="" x="10" y="46" w="120" h="11"/>
			<param type="select" id="ribbon_color_scheme" def="blue" text="" x="130" y="44" w="180" h="13">
				<items>
					<item id="turquoise" label="Turquoise">
						<events>
							<event name="selendok" target="ribbon_bg_color" action="disable"/>
							<event name="selendok" target="ribbon_gradient_color" action="disable"/>
							<event name="selendok" target="ribbon_border_color" action="disable"/>
						</events>
					</item>
					<item id="lightblue" label="Lightblue">
						<events>
							<event name="selendok" target="ribbon_bg_color" action="disable"/>
							<event name="selendok" target="ribbon_gradient_color" action="disable"/>
							<event name="selendok" target="ribbon_border_color" action="disable"/>
						</events>
					</item>
					<item id="yellow" label="Yellow">
						<events>
							<event name="selendok" target="ribbon_bg_color" action="disable"/>
							<event name="selendok" target="ribbon_gradient_color" action="disable"/>
							<event name="selendok" target="ribbon_border_color" action="disable"/>
						</events>
					</item>
					<item id="green" label="Green">
						<events>
							<event name="selendok" target="ribbon_bg_color" action="disable"/>
							<event name="selendok" target="ribbon_gradient_color" action="disable"/>
							<event name="selendok" target="ribbon_border_color" action="disable"/>
						</events>
					</item>
					<item id="brown" label="Brown">
						<events>
							<event name="selendok" target="ribbon_bg_color" action="disable"/>
							<event name="selendok" target="ribbon_gradient_color" action="disable"/>
							<event name="selendok" target="ribbon_border_color" action="disable"/>
						</events>
					</item>
					<item id="red" label="Red">
						<events>
							<event name="selendok" target="ribbon_bg_color" action="disable"/>
							<event name="selendok" target="ribbon_gradient_color" action="disable"/>
							<event name="selendok" target="ribbon_border_color" action="disable"/>
						</events>
					</item>
					<item id="deeppink" label="Crimson">
						<events>
							<event name="selendok" target="ribbon_bg_color" action="disable"/>
							<event name="selendok" target="ribbon_gradient_color" action="disable"/>
							<event name="selendok" target="ribbon_border_color" action="disable"/>
						</events>
					</item>
					<item id="olive" label="Olive">
						<events>
							<event name="selendok" target="ribbon_bg_color" action="disable"/>
							<event name="selendok" target="ribbon_gradient_color" action="disable"/>
							<event name="selendok" target="ribbon_border_color" action="disable"/>
						</events>
					</item>
					<item id="orange" label="Orange">
						<events>
							<event name="selendok" target="ribbon_bg_color" action="disable"/>
							<event name="selendok" target="ribbon_gradient_color" action="disable"/>
							<event name="selendok" target="ribbon_border_color" action="disable"/>
						</events>
					</item>
					<item id="pink" label="Pink">
						<events>
							<event name="selendok" target="ribbon_bg_color" action="disable"/>
							<event name="selendok" target="ribbon_gradient_color" action="disable"/>
							<event name="selendok" target="ribbon_border_color" action="disable"/>
						</events>
					</item>
					<item id="grey" label="Grey">
						<events>
							<event name="selendok" target="ribbon_bg_color" action="disable"/>
							<event name="selendok" target="ribbon_gradient_color" action="disable"/>
							<event name="selendok" target="ribbon_border_color" action="disable"/>
						</events>
					</item>
					<item id="bluegreen" label="Blue green">
						<events>
							<event name="selendok" target="ribbon_bg_color" action="disable"/>
							<event name="selendok" target="ribbon_gradient_color" action="disable"/>
							<event name="selendok" target="ribbon_border_color" action="disable"/>
						</events>
					</item>
					<item id="blue" label="Blue">
						<events>
							<event name="selendok" target="ribbon_bg_color" action="disable"/>
							<event name="selendok" target="ribbon_gradient_color" action="disable"/>
							<event name="selendok" target="ribbon_border_color" action="disable"/>
						</events>
					</item>
					<item id="steelblue" label="Steel blue">
						<events>
							<event name="selendok" target="ribbon_bg_color" action="disable"/>
							<event name="selendok" target="ribbon_gradient_color" action="disable"/>
							<event name="selendok" target="ribbon_border_color" action="disable"/>
						</events>
					</item>
					<item id="violet" label="Violet">
						<events>
							<event name="selendok" target="ribbon_bg_color" action="disable"/>
							<event name="selendok" target="ribbon_gradient_color" action="disable"/>
							<event name="selendok" target="ribbon_border_color" action="disable"/>
						</events>
					</item>
					<item id="white" label="White">
						<events>
							<event name="selendok" target="ribbon_bg_color" action="disable"/>
							<event name="selendok" target="ribbon_gradient_color" action="disable"/>
							<event name="selendok" target="ribbon_border_color" action="disable"/>
						</events>
					</item>
					<item id="black" label="Black">
						<events>
							<event name="selendok" target="ribbon_bg_color" action="disable"/>
							<event name="selendok" target="ribbon_gradient_color" action="disable"/>
							<event name="selendok" target="ribbon_border_color" action="disable"/>
						</events>
					</item>
					<item id="auto" label="Autogradient">
						<events>
							<event name="selendok" target="ribbon_bg_color" action="enable"/>
							<event name="selendok" target="ribbon_gradient_color" action="disable"/>
							<event name="selendok" target="ribbon_border_color" action="disable"/>
						</events>
					</item>
					<item id="custom" label="Custom">
						<events>
							<event name="selendok" target="ribbon_bg_color" action="enable"/>
							<event name="selendok" target="ribbon_gradient_color" action="enable"/>
							<event name="selendok" target="ribbon_border_color" action="enable"/>
						</events>
					</item>
				</items>
			</param>
			<param type="color" id="ribbon_bg_color" text="" def="#E8EEFF" x="130" y="60" w="40" h="13"/>
			<param type="color" id="ribbon_gradient_color" text="" def="#FFFFFF" x="190" y="60" w="40" h="13"/>
			<param type="color" id="ribbon_border_color" text="" def="#336699" x="250" y="60" w="40" h="13"/>
	
			<param type="line" id="LINE_ribbon_font_1" text="" def="" x="5" y="82" w="310" h="78"/>
			<param type="line" id="LINE_ribbon_font_2" text="" def="" x="5" y="98" w="310" h="62"/>
	
			<param type="label" id="lab_ribbon_font" text="Font" x="15" y="86" w="120" h="11"/>
			<param type="select" id="ribbon_font" text="" def="robotomedium" x="15" y="106" w="113" h="13">
				<items>
					<item id="Arial" label="Arial">
						<events>
							<event name="selendok" target="ribbon_font_custom" action="disable"/>
						</events>
					</item>
					<item id="ArialBlack" label="Arial Black">
						<events>
							<event name="selendok" target="ribbon_font_custom" action="disable"/>
						</events>
					</item>
					<item id="ArialNarrow" label="Arial Narrow">
						<events>
							<event name="selendok" target="ribbon_font_custom" action="disable"/>
						</events>
					</item>
					<item id="ComicSansMS" label="Comic Sans MS">
						<events>
							<event name="selendok" target="ribbon_font_custom" action="disable"/>
						</events>
					</item>
					<item id="CourierNew" label="Courier New">
						<events>
							<event name="selendok" target="ribbon_font_custom" action="disable"/>
						</events>
					</item>
					<item id="Georgia" label="Georgia">
						<events>
							<event name="selendok" target="ribbon_font_custom" action="disable"/>
						</events>
					</item>
					<item id="Impact" label="Impact">
						<events>
							<event name="selendok" target="ribbon_font_custom" action="disable"/>
						</events>
					</item>
					<item id="LucidaConsole" label="Lucida Console">
						<events>
							<event name="selendok" target="ribbon_font_custom" action="disable"/>
						</events>
					</item>
					<item id="LucidaSansUnicode" label="Lucida Sans Unicode">
						<events>
							<event name="selendok" target="ribbon_font_custom" action="disable"/>
						</events>
					</item>
					<item id="Palatino" label="Palatino">
						<events>
							<event name="selendok" target="ribbon_font_custom" action="disable"/>
						</events>
					</item>
					<item id="Tahoma" label="Tahoma">
						<events>
							<event name="selendok" target="ribbon_font_custom" action="disable"/>
						</events>
					</item>
					<item id="Times" label="Times New Roman">
						<events>
							<event name="selendok" target="ribbon_font_custom" action="disable"/>
						</events>
					</item>
					<item id="TrebuchetMS" label="Trebuchet MS">
						<events>
							<event name="selendok" target="ribbon_font_custom" action="disable"/>
						</events>
					</item>
					<item id="Verdana" label="Verdana">
						<events>
							<event name="selendok" target="ribbon_font_custom" action="disable"/>
						</events>
					</item>
					<item id="clear_sans_lightregular" label="WF Clear Sans Light">
						<events>
							<event name="selendok" target="ribbon_font_custom" action="disable"/>
						</events>
					</item>
					<item id="clear_sans_mediumregular" label="WF Clear Sans Medium">
						<events>
							<event name="selendok" target="ribbon_font_custom" action="disable"/>
						</events>
					</item>
					<item id="clear_sansregular" label="WF Clear Sans Regular">
						<events>
							<event name="selendok" target="ribbon_font_custom" action="disable"/>
						</events>
					</item>
					<item id="clear_sans_thinregular" label="WF Clear Sans Thin">
						<events>
							<event name="selendok" target="ribbon_font_custom" action="disable"/>
						</events>
					</item>
					<item id="droid_sans_monoregular" label="WF Droid Sans Mono">
						<events>
							<event name="selendok" target="ribbon_font_custom" action="disable"/>
						</events>
					</item>
					<item id="droid_sansregular" label="WF Droid Sans Regular">
						<events>
							<event name="selendok" target="ribbon_font_custom" action="disable"/>
						</events>
					</item>
					<item id="droid_serifregular" label="WF Droid Serif Regular">
						<events>
							<event name="selendok" target="ribbon_font_custom" action="disable"/>
						</events>
					</item>
					<item id="nerisblack" label="WF Neris Black">
						<events>
							<event name="selendok" target="ribbon_font_custom" action="disable"/>
						</events>
					</item>
					<item id="nerislight" label="WF Neris Light">
						<events>
							<event name="selendok" target="ribbon_font_custom" action="disable"/>
						</events>
					</item>
					<item id="nerissemibold" label="WF Neris SemiBold">
						<events>
							<event name="selendok" target="ribbon_font_custom" action="disable"/>
						</events>
					</item>
					<item id="neristhin" label="WF Neris Thin">
						<events>
							<event name="selendok" target="ribbon_font_custom" action="disable"/>
						</events>
					</item>
					<item id="noto_sansregular" label="WF Noto Sans Regular">
						<events>
							<event name="selendok" target="ribbon_font_custom" action="disable"/>
						</events>
					</item>
					<item id="noto_serifregular" label="WF Noto Serif Regular">
						<events>
							<event name="selendok" target="ribbon_font_custom" action="disable"/>
						</events>
					</item>
					<item id="open_sanscondensed_light" label="WF Open Sans Condensed Light">
						<events>
							<event name="selendok" target="ribbon_font_custom" action="disable"/>
						</events>
					</item>
					<item id="open_sansextrabold" label="WF Open Sans Extra Bold">
						<events>
							<event name="selendok" target="ribbon_font_custom" action="disable"/>
						</events>
					</item>
					<item id="open_sanslight" label="WF Open Sans Light">
						<events>
							<event name="selendok" target="ribbon_font_custom" action="disable"/>
						</events>
					</item>
					<item id="open_sansregular" label="WF Open Sans Regular">
						<events>
							<event name="selendok" target="ribbon_font_custom" action="disable"/>
						</events>
					</item>
					<item id="open_sanssemibold" label="WF Open Sans SemiBold">
						<events>
							<event name="selendok" target="ribbon_font_custom" action="disable"/>
						</events>
					</item>
					<item id="permiansanstypefaceregular" label="WF Permian Sans Regular">
						<events>
							<event name="selendok" target="ribbon_font_custom" action="disable"/>
						</events>
					</item>
					<item id="permianseriftypefaceregular" label="WF Permian Serif Regular">
						<events>
							<event name="selendok" target="ribbon_font_custom" action="disable"/>
						</events>
					</item>
					<item id="permianslabseriftypefaceRg" label="WF Permian Slab Serif Regular">
						<events>
							<event name="selendok" target="ribbon_font_custom" action="disable"/>
						</events>
					</item>
					<item id="robotoblack" label="WF Roboto Black">
						<events>
							<event name="selendok" target="ribbon_font_custom" action="disable"/>
						</events>
					</item>
					<item id="roboto_condensedregular" label="WF Roboto Condensed">
						<events>
							<event name="selendok" target="ribbon_font_custom" action="disable"/>
						</events>
					</item>
					<item id="roboto_condensedlight" label="WF Roboto Condensed Light">
						<events>
							<event name="selendok" target="ribbon_font_custom" action="disable"/>
						</events>
					</item>
					<item id="robotolight" label="WF Roboto Light">
						<events>
							<event name="selendok" target="ribbon_font_custom" action="disable"/>
						</events>
					</item>
					<item id="robotomedium" label="WF Roboto Medium">
						<events>
							<event name="selendok" target="ribbon_font_custom" action="disable"/>
						</events>
					</item>
					<item id="robotoregular" label="WF Roboto Regular">
						<events>
							<event name="selendok" target="ribbon_font_custom" action="disable"/>
						</events>
					</item>
					<item id="robotothin" label="WF Roboto Thin">
						<events>
							<event name="selendok" target="ribbon_font_custom" action="disable"/>
						</events>
					</item>
					<item id="roboto_slablight" label="WF Roboto Slab Light">
						<events>
							<event name="selendok" target="ribbon_font_custom" action="disable"/>
						</events>
					</item>
					<item id="roboto_slabregular" label="WF Roboto Slab Regular">
						<events>
							<event name="selendok" target="ribbon_font_custom" action="disable"/>
						</events>
					</item>
					<item id="roboto_slabthin" label="WF Roboto Slab Thin">
						<events>
							<event name="selendok" target="ribbon_font_custom" action="disable"/>
						</events>
					</item>
					<item id="custom" label="Custom">
						<events>
							<event name="selendok" target="ribbon_font_custom" action="enable"/>
						</events>
					</item>
				</items>
			</param>
			<param type="edit" id="ribbon_font_custom" text="" def="" x="130" y="106" w="175" h="13"/>
	
			<param type="label" id="lab_ribbon_font_style" text="Style, size" def="" x="15" y="124" w="115" h="11"/>
			<param type="select" id="ribbon_font_style" text="" def="normal" x="130" y="122" w="118" h="13">
				<items>
					<item id="normal" label="Normal"/>
					<item id="bold" label="Bold"/>
					<item id="italic" label="Italic"/>
					<item id="bolditalic" label="Bold italic"/>
				</items>
			</param>
			<param type="spinner" id="ribbon_font_size" text="" def="18" x="250" y="122" w="32" h="13" min="1" max="100"/>
			<param type="label" id="lab_ribbon_font_size2" text="px" x="285" y="124" w="25" h="11"/>
	
			<param type="label" id="lab_ribbon_text_shadow_strength" text="Shadow" def="" x="15" y="140" w="115" h="11"/>
			<param type="select" id="ribbon_text_shadow_strength" text="" def="light" x="130" y="138" w="118" h="13">
				<items>
					<item id="none" label="None">
						<events>
							<event name="selendok" target="text_shadow_color" action="disable"/>
						</events>
					</item>
					<item id="extralight" label="Extra light">
						<events>
							<event name="selendok" target="text_shadow_color" action="enable"/>
						</events>
					</item>
					<item id="light" label="Light">
						<events>
							<event name="selendok" target="text_shadow_color" action="enable"/>
						</events>
					</item>
					<item id="normal" label="Normal">
						<events>
							<event name="selendok" target="text_shadow_color" action="enable"/>
						</events>
					</item>
					<item id="dark" label="Intense">
						<events>
							<event name="selendok" target="text_shadow_color" action="enable"/>
						</events>
					</item>
					<item id="extradark" label="Very intense">
						<events>
							<event name="selendok" target="text_shadow_color" action="enable"/>
						</events>
					</item>
				</items>
			</param>
			<param type="color" id="ribbon_text_shadow_color" text="" def="#666666" x="250" y="138" w="40" h="13"/>
		</param>
	</page>
	<page name="Description" w="320" h="270">
		<param type="check" id="display_desc" text="Display descriptions" def="yes" x="10" y="8" w="240" h="13">
			<events>
				<event name="check" target="fs_desc" action="show"/>
				<event name="uncheck" target="fs_desc" action="hide"/>
			</events>
		</param>
		<param type="fieldset" id="fs_desc">

			<param type="line" id="LINE_desc_1" text="" def="" x="5" y="24" w="310" h="126"/>
			<param type="line" id="LINE_desc_2" text="" def="" x="5" y="40" w="310" h="110"/>
			<param type="label" id="lab_desc_view" text="Display" def="" x="15" y="28" w="120" h="11"/>

			<param type="label" id="lab_desc_color_scheme" text="Color scheme" def="" x="15" y="50" w="115" h="11"/>
			<param type="select" id="desc_color_scheme" text="" def="level" x="130" y="48" w="175" h="13">
				<items>
					<item id="turquoise" label="Turquoise">
						<events>
							<event name="selendok" target="lab_desc_colors" action="disable"/>
							<event name="selendok" target="desc_border_color" action="disable"/>
							<event name="selendok" target="desc_bg_color" action="disable"/>
							<event name="selendok" target="desc_gradient_color" action="disable"/>
						</events>
					</item>
					<item id="lightblue" label="Lightblue">
						<events>
							<event name="selendok" target="lab_desc_colors" action="disable"/>
							<event name="selendok" target="desc_border_color" action="disable"/>
							<event name="selendok" target="desc_bg_color" action="disable"/>
							<event name="selendok" target="desc_gradient_color" action="disable"/>
						</events>
					</item>
					<item id="yellow" label="Yellow">
						<events>
							<event name="selendok" target="lab_desc_colors" action="disable"/>
							<event name="selendok" target="desc_border_color" action="disable"/>
							<event name="selendok" target="desc_bg_color" action="disable"/>
							<event name="selendok" target="desc_gradient_color" action="disable"/>
						</events>
					</item>
					<item id="green" label="Green">
						<events>
							<event name="selendok" target="lab_desc_colors" action="disable"/>
							<event name="selendok" target="desc_border_color" action="disable"/>
							<event name="selendok" target="desc_bg_color" action="disable"/>
							<event name="selendok" target="desc_gradient_color" action="disable"/>
						</events>
					</item>
					<item id="brown" label="Brown">
						<events>
							<event name="selendok" target="lab_desc_colors" action="disable"/>
							<event name="selendok" target="desc_border_color" action="disable"/>
							<event name="selendok" target="desc_bg_color" action="disable"/>
							<event name="selendok" target="desc_gradient_color" action="disable"/>
						</events>
					</item>
					<item id="red" label="Red">
						<events>
							<event name="selendok" target="lab_desc_colors" action="disable"/>
							<event name="selendok" target="desc_border_color" action="disable"/>
							<event name="selendok" target="desc_bg_color" action="disable"/>
							<event name="selendok" target="desc_gradient_color" action="disable"/>
						</events>
					</item>
					<item id="deeppink" label="Crimson">
						<events>
							<event name="selendok" target="lab_desc_colors" action="disable"/>
							<event name="selendok" target="desc_border_color" action="disable"/>
							<event name="selendok" target="desc_bg_color" action="disable"/>
							<event name="selendok" target="desc_gradient_color" action="disable"/>
						</events>
					</item>
					<item id="olive" label="Olive">
						<events>
							<event name="selendok" target="lab_desc_colors" action="disable"/>
							<event name="selendok" target="desc_border_color" action="disable"/>
							<event name="selendok" target="desc_bg_color" action="disable"/>
							<event name="selendok" target="desc_gradient_color" action="disable"/>
						</events>
					</item>
					<item id="orange" label="Orange">
						<events>
							<event name="selendok" target="lab_desc_colors" action="disable"/>
							<event name="selendok" target="desc_border_color" action="disable"/>
							<event name="selendok" target="desc_bg_color" action="disable"/>
							<event name="selendok" target="desc_gradient_color" action="disable"/>
						</events>
					</item>
					<item id="pink" label="Pink">
						<events>
							<event name="selendok" target="lab_desc_colors" action="disable"/>
							<event name="selendok" target="desc_border_color" action="disable"/>
							<event name="selendok" target="desc_bg_color" action="disable"/>
							<event name="selendok" target="desc_gradient_color" action="disable"/>
						</events>
					</item>
					<item id="grey" label="Grey">
						<events>
							<event name="selendok" target="lab_desc_colors" action="disable"/>
							<event name="selendok" target="desc_border_color" action="disable"/>
							<event name="selendok" target="desc_bg_color" action="disable"/>
							<event name="selendok" target="desc_gradient_color" action="disable"/>
						</events>
					</item>
					<item id="bluegreen" label="Blue green">
						<events>
							<event name="selendok" target="lab_desc_colors" action="disable"/>
							<event name="selendok" target="desc_border_color" action="disable"/>
							<event name="selendok" target="desc_bg_color" action="disable"/>
							<event name="selendok" target="desc_gradient_color" action="disable"/>
						</events>
					</item>
					<item id="blue" label="Blue">
						<events>
							<event name="selendok" target="lab_desc_colors" action="disable"/>
							<event name="selendok" target="desc_border_color" action="disable"/>
							<event name="selendok" target="desc_bg_color" action="disable"/>
							<event name="selendok" target="desc_gradient_color" action="disable"/>
						</events>
					</item>
					<item id="steelblue" label="Steel blue">
						<events>
							<event name="selendok" target="lab_desc_colors" action="disable"/>
							<event name="selendok" target="desc_border_color" action="disable"/>
							<event name="selendok" target="desc_bg_color" action="disable"/>
							<event name="selendok" target="desc_gradient_color" action="disable"/>
						</events>
					</item>
					<item id="violet" label="Violet">
						<events>
							<event name="selendok" target="lab_desc_colors" action="disable"/>
							<event name="selendok" target="desc_border_color" action="disable"/>
							<event name="selendok" target="desc_bg_color" action="disable"/>
							<event name="selendok" target="desc_gradient_color" action="disable"/>
						</events>
					</item>
					<item id="white" label="White">
						<events>
							<event name="selendok" target="lab_desc_colors" action="disable"/>
							<event name="selendok" target="desc_border_color" action="disable"/>
							<event name="selendok" target="desc_bg_color" action="disable"/>
							<event name="selendok" target="desc_gradient_color" action="disable"/>
						</events>
					</item>
					<item id="black" label="Black">
						<events>
							<event name="selendok" target="lab_desc_colors" action="disable"/>
							<event name="selendok" target="desc_border_color" action="disable"/>
							<event name="selendok" target="desc_bg_color" action="disable"/>
							<event name="selendok" target="desc_gradient_color" action="disable"/>
						</events>
					</item>
					<item id="level" label="By tab settings">
						<events>
							<event name="selendok" target="lab_desc_colors" action="disable"/>
							<event name="selendok" target="desc_border_color" action="disable"/>
							<event name="selendok" target="desc_bg_color" action="disable"/>
							<event name="selendok" target="desc_gradient_color" action="disable"/>
						</events>
					</item>
					<item id="auto" label="Autogradient">
						<events>
							<event name="selendok" target="lab_desc_colors" action="enable"/>
							<event name="selendok" target="desc_border_color" action="disable"/>
							<event name="selendok" target="desc_bg_color" action="enable"/>
							<event name="selendok" target="desc_gradient_color" action="disable"/>
						</events>
					</item>
					<item id="custom" label="Custom">
						<events>
							<event name="selendok" target="lab_desc_colors" action="enable"/>
							<event name="selendok" target="desc_border_color" action="enable"/>
							<event name="selendok" target="desc_bg_color" action="enable"/>
							<event name="selendok" target="desc_gradient_color" action="enable"/>
						</events>
					</item>
				</items>
			</param>
			<param type="label" id="lab_desc_colors" text="Fill, gradient, border	" def="" x="15" y="66" w="115" h="11"/>
			<param type="color" id="desc_bg_color" text="" def="#E8EEFF" x="130" y="64" w="40" h="13"/>
			<param type="color" id="desc_gradient_color" text="" def="#FFFFFF" x="190" y="64" w="40" h="13"/>
			<param type="color" id="desc_border_color" text="" def="#336699" x="250" y="64" w="40" h="13"/>
		
			<param type="check" id="desc_bg_override" text="Alternative fill" def="yes" x="15" y="82" w="115" h="13">
				<events>
					<event name="check" target="bg_bg_color_custom" action="enable"/>
					<event name="uncheck" target="bg_bg_color_custom" action="disable"/>
				</events>
			</param>
			<param type="color" id="desc_bg_color_custom" text="" def="#FFFFFF" x="130" y="80" w="40" h="13"/>

			<param type="label" id="lab_desc_bg_grad_angle" text="Gradient angle" def="" x="15" y="98" w="115" h="11"/>
			<param type="spinner" id="desc_bg_grad_angle" text="" def="0" x="130" y="96" w="32" h="13" min="0" max="359"/>
			<param type="label" id="lab_desc_bg_grad_angle2" text="°" def="" x="165" y="98" w="20" h="11"/>
		
			<param type="label" id="lab_desc_border_width" text="Border, radius" def="" x="15" y="114" w="115" h="11"/>
			<param type="spinner" id="desc_border_width" text="" def="1" x="130" y="112" w="32" h="13" min="0" max="99"/>
			<param type="label" id="lab_desc_border_width2" text="px" def="" x="165" y="114" w="30" h="11"/>
			<param type="spinner" id="desc_radius" text="" def="10" x="190" y="112" w="32" h="13" min="0" max="99"/>
			<param type="label" id="lab_desc_stroke_width3" text="px" def="" x="225" y="114" w="30" h="11"/>
		
			<param type="label" id="lab_desc_padding" text="Padding" def="" x="15" y="130" w="115" h="11"/>
			<param type="spinner" id="desc_padding" text="" def="20" x="130" y="128" w="32" h="13" min="0" max="99"/>
			<param type="label" id="lab_desc_padding2" text="px" def="" x="165" y="130" w="30" h="11"/>
		
		</param>
	</page>
	<page name="Background" w="320" h="270">
		<param type="check" id="display_bg" text="Display background" def="yes" x="10" y="8" w="240" h="13">
			<events>
				<event name="check" target="fs_bg" action="show"/>
				<event name="uncheck" target="fs_bg" action="hide"/>
			</events>
		</param>
		
		<param type="fieldset" id="fs_bg">
			
			<param type="line" id="LINE_bg_1" text="" def="" x="5" y="24" w="310" h="110"/>
			<param type="line" id="LINE_bg_2" text="" def="" x="5" y="40" w="310" h="94"/>
			<param type="label" id="lab_desc_view" text="Display" def="" x="15" y="28" w="120" h="11"/>

			<param type="label" id="lab_bg_color_scheme" text="Color scheme" def="" x="15" y="50" w="115" h="11"/>
			<param type="select" id="bg_color_scheme" text="" def="custom" x="130" y="48" w="175" h="13">
				<items>
					<item id="turquoise" label="Turquoise">
						<events>
							<event name="selendok" target="lab_bg_colors" action="disable"/>
							<event name="selendok" target="bg_border_color" action="disable"/>
							<event name="selendok" target="bg_bg_color" action="disable"/>
							<event name="selendok" target="bg_gradient_color" action="disable"/>
						</events>
					</item>
					<item id="lightblue" label="Lightblue">
						<events>
							<event name="selendok" target="lab_bg_colors" action="disable"/>
							<event name="selendok" target="bg_border_color" action="disable"/>
							<event name="selendok" target="bg_bg_color" action="disable"/>
							<event name="selendok" target="bg_gradient_color" action="disable"/>
						</events>
					</item>
					<item id="yellow" label="Yellow">
						<events>
							<event name="selendok" target="lab_bg_colors" action="disable"/>
							<event name="selendok" target="bg_border_color" action="disable"/>
							<event name="selendok" target="bg_bg_color" action="disable"/>
							<event name="selendok" target="bg_gradient_color" action="disable"/>
						</events>
					</item>
					<item id="green" label="Green">
						<events>
							<event name="selendok" target="lab_bg_colors" action="disable"/>
							<event name="selendok" target="bg_border_color" action="disable"/>
							<event name="selendok" target="bg_bg_color" action="disable"/>
							<event name="selendok" target="bg_gradient_color" action="disable"/>
						</events>
					</item>
					<item id="brown" label="Brown">
						<events>
							<event name="selendok" target="lab_bg_colors" action="disable"/>
							<event name="selendok" target="bg_border_color" action="disable"/>
							<event name="selendok" target="bg_bg_color" action="disable"/>
							<event name="selendok" target="bg_gradient_color" action="disable"/>
						</events>
					</item>
					<item id="red" label="Red">
						<events>
							<event name="selendok" target="lab_bg_colors" action="disable"/>
							<event name="selendok" target="bg_border_color" action="disable"/>
							<event name="selendok" target="bg_bg_color" action="disable"/>
							<event name="selendok" target="bg_gradient_color" action="disable"/>
						</events>
					</item>
					<item id="deeppink" label="Crimson">
						<events>
							<event name="selendok" target="lab_bg_colors" action="disable"/>
							<event name="selendok" target="bg_border_color" action="disable"/>
							<event name="selendok" target="bg_bg_color" action="disable"/>
							<event name="selendok" target="bg_gradient_color" action="disable"/>
						</events>
					</item>
					<item id="olive" label="Olive">
						<events>
							<event name="selendok" target="lab_bg_colors" action="disable"/>
							<event name="selendok" target="bg_border_color" action="disable"/>
							<event name="selendok" target="bg_bg_color" action="disable"/>
							<event name="selendok" target="bg_gradient_color" action="disable"/>
						</events>
					</item>
					<item id="orange" label="Orange">
						<events>
							<event name="selendok" target="lab_bg_colors" action="disable"/>
							<event name="selendok" target="bg_border_color" action="disable"/>
							<event name="selendok" target="bg_bg_color" action="disable"/>
							<event name="selendok" target="bg_gradient_color" action="disable"/>
						</events>
					</item>
					<item id="pink" label="Pink">
						<events>
							<event name="selendok" target="lab_bg_colors" action="disable"/>
							<event name="selendok" target="bg_border_color" action="disable"/>
							<event name="selendok" target="bg_bg_color" action="disable"/>
							<event name="selendok" target="bg_gradient_color" action="disable"/>
						</events>
					</item>
					<item id="grey" label="Grey">
						<events>
							<event name="selendok" target="lab_bg_colors" action="disable"/>
							<event name="selendok" target="bg_border_color" action="disable"/>
							<event name="selendok" target="bg_bg_color" action="disable"/>
							<event name="selendok" target="bg_gradient_color" action="disable"/>
						</events>
					</item>
					<item id="bluegreen" label="Blue green">
						<events>
							<event name="selendok" target="lab_bg_colors" action="disable"/>
							<event name="selendok" target="bg_border_color" action="disable"/>
							<event name="selendok" target="bg_bg_color" action="disable"/>
							<event name="selendok" target="bg_gradient_color" action="disable"/>
						</events>
					</item>
					<item id="blue" label="Blue">
						<events>
							<event name="selendok" target="lab_bg_colors" action="disable"/>
							<event name="selendok" target="bg_border_color" action="disable"/>
							<event name="selendok" target="bg_bg_color" action="disable"/>
							<event name="selendok" target="bg_gradient_color" action="disable"/>
						</events>
					</item>
					<item id="steelblue" label="Steel blue">
						<events>
							<event name="selendok" target="lab_bg_colors" action="disable"/>
							<event name="selendok" target="bg_border_color" action="disable"/>
							<event name="selendok" target="bg_bg_color" action="disable"/>
							<event name="selendok" target="bg_gradient_color" action="disable"/>
						</events>
					</item>
					<item id="violet" label="Violet">
						<events>
							<event name="selendok" target="lab_bg_colors" action="disable"/>
							<event name="selendok" target="bg_border_color" action="disable"/>
							<event name="selendok" target="bg_bg_color" action="disable"/>
							<event name="selendok" target="bg_gradient_color" action="disable"/>
						</events>
					</item>
					<item id="white" label="White">
						<events>
							<event name="selendok" target="lab_bg_colors" action="disable"/>
							<event name="selendok" target="bg_border_color" action="disable"/>
							<event name="selendok" target="bg_bg_color" action="disable"/>
							<event name="selendok" target="bg_gradient_color" action="disable"/>
						</events>
					</item>
					<item id="black" label="Black">
						<events>
							<event name="selendok" target="lab_bg_colors" action="disable"/>
							<event name="selendok" target="bg_border_color" action="disable"/>
							<event name="selendok" target="bg_bg_color" action="disable"/>
							<event name="selendok" target="bg_gradient_color" action="disable"/>
						</events>
					</item>
					<item id="auto" label="Auto">
						<events>
							<event name="selendok" target="lab_bg_colors" action="enable"/>
							<event name="selendok" target="bg_border_color" action="disable"/>
							<event name="selendok" target="bg_bg_color" action="enable"/>
							<event name="selendok" target="bg_gradient_color" action="disable"/>
						</events>
					</item>
					<item id="custom" label="Custom">
						<events>
							<event name="selendok" target="lab_bg_colors" action="enable"/>
							<event name="selendok" target="bg_border_color" action="enable"/>
							<event name="selendok" target="bg_bg_color" action="enable"/>
							<event name="selendok" target="bg_gradient_color" action="enable"/>
						</events>
					</item>
				</items>
			</param>
			<param type="label" id="lab_bg_colors" text="Fill, gradient, border	" def="" x="15" y="66" w="110" h="11"/>
			<param type="color" id="bg_bg_color" text="" def="#E8EEFF" x="130" y="64" w="40" h="13"/>
			<param type="color" id="bg_gradient_color" text="" def="#FFFFFF" x="190" y="64" w="40" h="13"/>
			<param type="color" id="bg_border_color" text="" def="#336699" x="250" y="64" w="40" h="13"/>

			<param type="label" id="lab_bg_grad_angle" text="Gradient angle" def="" x="15" y="82" w="115" h="13"/>
			<param type="spinner" id="bg_grad_angle" text="" def="0" x="130" y="80" w="32" h="13" min="0" max="359"/>
			<param type="label" id="lab_bg_grad_angle2" text="°" def="" x="165" y="82" w="20" h="13"/>

			<param type="label" id="lab_bg_border_width" text="Border, radius" def="" x="15" y="98" w="115" h="13"/>
			<param type="spinner" id="bg_border_width" text="" def="1" x="130" y="96" w="32" h="13" min="0" max="99"/>
			<param type="label" id="lab_bg_border_width2" text="px" def="" x="165" y="98" w="30" h="13"/>
			<param type="spinner" id="bg_radius" text="" def="10" x="190" y="96" w="32" h="13" min="0" max="99"/>
			<param type="label" id="lab_bg_radius2" text="px" def="" x="225" y="98" w="50" h="13"/>

			<param type="label" id="lab_bg_padding" text="Padding" def="" x="15" y="114" w="115" h="13"/>
			<param type="spinner" id="bg_padding" text="" def="20" x="130" y="112" w="32" h="13" min="0" max="99"/>
			<param type="label" id="lab_bg_padding2" text="px" def="" x="165" y="114" w="20" h="13"/>
		</param>
	</page>
    <page name="Sound" w="320" h="270">

		<param type="line" id="LINE_snd_1" text="" def="" x="5" y="8" w="310" h="48"/>
		<param type="line" id="LINE_snd_2" text="" def="" x="5" y="24" w="310" h="32"/>
		<param type="label" id="lab_snd_click" text="Mouse click" def="" x="15" y="12" w="120" h="11"/>
		<param type="select" id="sound_click" text="" def="none" x="15" y="34" w="113" h="13">
			<items>
				<item id="none" label="No sound">
					<events>
						<event name="selendok" target="sound_click_file_custom" action="disable"/>
					</events>
				</item>
				<item id="click1" label="Standard 1">
					<events>
						<event name="selendok" target="sound_click_file_custom" action="disable"/>
					</events>
				</item>
				<item id="click2" label="Standard 2">
					<events>
						<event name="selendok" target="sound_click_file_custom" action="disable"/>
					</events>
				</item>
				<item id="click3" label="Standard 3">
					<events>
						<event name="selendok" target="sound_click_file_custom" action="disable"/>
					</events>
				</item>
				<item id="click4" label="Standard 4">
					<events>
						<event name="selendok" target="sound_click_file_custom" action="disable"/>
					</events>
				</item>
				<item id="custom" label="Custom">
					<events>
						<event name="selendok" target="sound_click_file_custom" action="enable"/>
					</events>
				</item>
			</items>
		</param>
		<param type="file" id="sound_click_file_custom" text="" def="" x="130" y="34" w="158" h="13" ext="Sound files(*.mp3;*.ogg;*.oga;*.webm;*.wav;*.swf)|*.mp3;*.ogg;*.oga;*.webm;*.wav;*.swf|MP3 (*.mp3)|*.mp3|OGG (*.oga;*.ogg)|*.ogg;*.oga;|WebM (*.webm)|*.webm|WAV (*.wav)|*.wav|All files (*.*)|*.*|||"/>

		<param type="line" id="LINE_snd_3" text="" def="" x="5" y="62" w="310" h="48"/>
		<param type="line" id="LINE_snd_4" text="" def="" x="5" y="78" w="310" h="32"/>
		<param type="label" id="lab_snd_over" text="Mouse over" def="" x="15" y="66" w="120" h="11"/>
		<param type="select" id="sound_over" text="" def="none" x="15" y="88" w="113" h="13">
			<items>
				<item id="none" label="No sound">
					<events>
						<event name="selendok" target="sound_over_file_custom" action="disable"/>
					</events>
				</item>
				<item id="over1" label="Standard 1">
					<events>
						<event name="selendok" target="sound_over_file_custom" action="disable"/>
					</events>
				</item>
				<item id="over2" label="Standard 2">
					<events>
						<event name="selendok" target="sound_over_file_custom" action="disable"/>
					</events>
				</item>
				<item id="over3" label="Standard 3">
					<events>
						<event name="selendok" target="sound_over_file_custom" action="disable"/>
					</events>
				</item>
				<item id="over4" label="Standard 4">
					<events>
						<event name="selendok" target="sound_over_file_custom" action="disable"/>
					</events>
				</item>
				<item id="custom" label="Custom">
					<events>
						<event name="selendok" target="sound_over_file_custom" action="enable"/>
					</events>
				</item>
			</items>
		</param>
		<param type="file" id="sound_over_file_custom" text="" def="" x="130" y="88" w="158" h="13" ext="Sound files(*.mp3;*.ogg;*.oga;*.webm;*.wav;*.swf)|*.mp3;*.ogg;*.oga;*.webm;*.wav;*.swf|MP3 (*.mp3)|*.mp3|OGG (*.oga;*.ogg)|*.ogg;*.oga;|WebM (*.webm)|*.webm|WAV (*.wav)|*.wav|All files (*.*)|*.*|||"/>
    </page>
    <methods>
        <method name="Constructor" label="_Constructor" access="private">
            <params>
            </params>
            <body>
            <![CDATA[function Constructor(argobj)
            {
				var oCurObj = CLO[argobj.pid];
				var jCurObjDiv = $(oCurObj.div);
				var bDefer = false; 
				switch(oCurObj.display)
				{
					case "none":
					{
						bDefer = true;
						CL.Event.Subscribe({ aList: [ { sId: argobj.pid, sEvtName: "EVENT_OBJECT_SHOW" } ] });
						break;
					}
					case "time":
					case "frame":
					case "slide":
					{
						if(oCurObj.iBegin!=null && +oCurObj.iBegin!=0)
						{
							bDefer = true;
							CL.Event.Subscribe({ aList: [ { sId: argobj.pid, sEvtName: "EVENT_OBJECT_SHOW" } ] });
						}
						break;
					}
				}
				oCurObj.data =
				{
					bRestore: (oCurObj.jxParams.find("restore_state").text()=="yes"),
					bDisplayDefaultText: (oCurObj.jxParams.find("display_default_text").text()=="yes"),
					bDisplayRibbon: (oCurObj.jxParams.find("display_ribbon").text()=="yes"),
					bSpecColorsIdle: (oCurObj.jxParams.find("tab_color_scheme").text()=="spec"),
					bSpecColorsSelected: (oCurObj.jxParams.find("tab_color_scheme_selected").text()=="spec"),
					iTotalElems: oCurObj.jxParams.find("elements > item").length,
					sTabType: (oCurObj.jxParams.children("tab_type").text()),
					sSoundClick: oCurObj.jxParams.children("sound_click").text(),
					sSoundOver: oCurObj.jxParams.children("sound_over").text()
				};
				if(oCurObj.data.sSoundClick=="custom")
				{
					oCurObj.data.sSoundClickFile = oCurObj.jxParams.children("sound_click_file_custom").text();
				}
				if(oCurObj.data.sSoundOver=="custom")
				{
					oCurObj.data.sSoundOverFile = oCurObj.jxParams.children("sound_over_file_custom").text();
				}
				if(CLZ.oStore[argobj.pid]!=null && oCurObj.data.bRestore)
				{
					oCurObj.data.iCurrent = CLZ.oStore[argobj.pid][CLZ.oStore[argobj.pid].length-1];
				}
				else
				{
					CLZ.oStore[argobj.pid] = [];
					var aElementDisplay = oCurObj.jxParams.find("elements > item > display_first");
					var iIdx = -1;
					for(var i=0; i<aElementDisplay.length; i++)
					{
						if($(aElementDisplay[i]).text()=="yes")
						{
							iIdx = i + 1;
							break;
						}
					}
					if(iIdx==-1)
					{
						if(oCurObj.data.bDisplayDefaultText)
						{
							oCurObj.data.iCurrent = 0;
						}
						else
						{
							oCurObj.data.iCurrent = 1;
						}
					}
					else
					{
						oCurObj.data.iCurrent = iIdx;
					}
				}
				if(CL.bTouch)
				{
					jCurObjDiv.find(".cl-tab").on("click", function (e) { CLO[argobj.pid].CallMethod({ sMethod: "UIEvent", oMethodArgs: { evt: e, elem: this } }); });
					if(oCurObj.data.bDisplayRibbon)
					{
						jCurObjDiv.find(".cl-header-btn").on("click", function (e) { CLO[argobj.pid].CallMethod({ sMethod: "UIEvent", oMethodArgs: { evt: e, elem: this } }); });
					}
				}
				else
				{
					jCurObjDiv.find(".cl-tab").css({ "cursor": "pointer" }).on("mouseover", function (e) { CLO[argobj.pid].CallMethod({ sMethod: "UIEvent", oMethodArgs: { evt: e, elem: this } }); }).on("mouseout", function (e) { CLO[argobj.pid].CallMethod({ sMethod: "UIEvent", oMethodArgs: { evt: e, elem: this } }); }).on("click", function (e) { CLO[argobj.pid].CallMethod({ sMethod: "UIEvent", oMethodArgs: { evt: e, elem: this } }); });
					if(oCurObj.data.bDisplayRibbon)
					{
						jCurObjDiv.find(".cl-header-btn").on("mouseover", function (e) { CLO[argobj.pid].CallMethod({ sMethod: "UIEvent", oMethodArgs: { evt: e, elem: this } }); }).on("mouseout", function (e) { CLO[argobj.pid].CallMethod({ sMethod: "UIEvent", oMethodArgs: { evt: e, elem: this } }); }).on("click", function (e) { CLO[argobj.pid].CallMethod({ sMethod: "UIEvent", oMethodArgs: { evt: e, elem: this } }); });
					}
				}
				oCurObj.data.bCreated = true;
				oCurObj.FireEvent({ sName: "onCreated" });
				if(!bDefer)
				{
					oCurObj.CallMethod({ sMethod: "Display", oMethodArgs: { elindex: oCurObj.data.iCurrent, bInit: true } });
				}
				return true;
            }]]>
          </body>
        </method>
		<method name="HandleEvt" label="_HandleEvt" access="private">
            <params>
            </params>
            <body>
			<![CDATA[function HandleEvt(argobj)
			{
				if(CLO[argobj.pid]==null || CLO[argobj.pid].div==null) return false; 
				var oCurObj = CLO[argobj.pid];
				var jCurObjDiv = $(oCurObj.div);
				switch(argobj.evt)
				{
					case "EVENT_OBJECT_SHOW":
					{
						if(!oCurObj.data.bCreated) return false;
						oCurObj.CallMethod({ sMethod: "Display", oMethodArgs: { elindex: oCurObj.data.iCurrent, bInit: true } });
						break;
					}
				}
				return true;
			}]]>
			</body>
		</method>
		<method name="UIEvent" label="_UIEvent" access="private">
			<params>
			</params>
			<body>
			<![CDATA[function UIEvent(argobj)
			{
				if(argobj.evt==null) return false;
				var oCurObj = CLO[argobj.pid];
				var jCurObjDiv = $(oCurObj.div);
				var jElem = $(argobj.elem);
				var iTabIdx = jElem.attr("data-number");
				if(jElem.hasClass("cl-tab") && !jElem.hasClass("cl-tab-selected"))
				{
					switch(argobj.evt.type)
					{
						case "mouseover":
						{
							if(oCurObj.data.bSpecColorsIdle)
							{
								jElem.removeClass("cl-tab-idle-" + iTabIdx).addClass("cl-tab-over-" + iTabIdx);
							}
							else
							{
								jElem.removeClass("cl-tab-idle").addClass("cl-tab-over");
							}
							CL.Sound.Stop({ sId: argobj.pid, sEvent: "over" });
							if(oCurObj.data.sSoundOver!="none")
							{
								CL.Sound.Play({ sId: argobj.pid, sEvent: "over", sType: oCurObj.data.sSoundOver, sFile: oCurObj.data.sSoundOverFile })
							}
							break;
						}
						case "mouseout":
						{
							if(oCurObj.data.bSpecColorsIdle)
							{
								jElem.removeClass("cl-tab-over-" + iTabIdx).addClass("cl-tab-idle-" + iTabIdx);
							}
							else
							{
								jElem.removeClass("cl-tab-over").addClass("cl-tab-idle");
							}
							break;
						}
						case "click":
						{
							if(oCurObj.data.bSpecColorsIdle)
							{
								jElem.removeClass("cl-tab-over-" + iTabIdx).addClass("cl-tab-idle-" + iTabIdx);
							}
							else
							{
								jElem.removeClass("cl-tab-over").addClass("cl-tab-idle");
							}
							if(oCurObj.data.sSoundClick!="none")
							{
								CL.Sound.Play({ sId: argobj.pid, sEvent: "click", sType: oCurObj.data.sSoundClick, sFile: oCurObj.data.sSoundClickFile })
							}
							oCurObj.CallMethod({ sMethod: "Display", oMethodArgs: { elem: argobj.elem } });
							break;
						}
					}
				}
				else if(jElem.hasClass("cl-header-btn"))
				{
					if(jElem.hasClass("cl-header-btn-disabled")) return false;
					switch(argobj.evt.type)
					{
						case "mouseover":
						{
							jElem.removeClass("cl-header-btn-idle").addClass("cl-header-btn-over");
							if(oCurObj.data.sSoundOver!="none")
							{
								CL.Sound.Play({ sId: argobj.pid, sEvent: "over", sType: oCurObj.data.sSoundOver, sFile: oCurObj.data.sSoundOverFile })
							}
							break;
						}
						case "mouseout":
						{
							jElem.removeClass("cl-header-btn-over").addClass("cl-header-btn-idle");
							break;
						}
						case "click":
						{
							jElem.removeClass("cl-header-btn-over").addClass("cl-header-btn-idle");
							if(oCurObj.data.sSoundClick!="none")
							{
								CL.Sound.Play({ sId: argobj.pid, sEvent: "click", sType: oCurObj.data.sSoundClick, sFile: oCurObj.data.sSoundClickFile })
							}
							oCurObj.CallMethod({ sMethod: (jElem.hasClass("cl-header-btn-left") ? "Prev" : "Next") });
							break;
						}
					}
				}
				return true;
			}]]>
			</body>
		</method>
		<method name="UpdateButtons" label="_UpdateButtons" access="private">
			<params>
			</params>
			<body>
			<![CDATA[function UpdateButtons(argobj)
			{
				var oCurObj = CLO[argobj.pid];
				var jCurObjDiv = $(oCurObj.div);
				var jPrev = jCurObjDiv.find(".cl-header-btn-left");
				var jNext = jCurObjDiv.find(".cl-header-btn-right");
				jPrev.removeClass("cl-header-btn-disabled");
				jNext.removeClass("cl-header-btn-disabled");
				if(oCurObj.data.iCurrent<=1 && oCurObj.data.iTotalElems<=1)
				{
					jPrev.addClass("cl-header-btn-disabled");
					jNext.addClass("cl-header-btn-disabled");
				}
				else if(oCurObj.data.iCurrent==1 && oCurObj.data.iTotalElems>1)
				{
					oCurObj.CallMethod({ sMethod: "UIEvent", oMethodArgs: { evt: { type: "mouseout" }, elem: jPrev } });
					jPrev.addClass("cl-header-btn-disabled");
				}
				else if(oCurObj.data.iCurrent==oCurObj.data.iTotalElems)
				{
					oCurObj.CallMethod({ sMethod: "UIEvent", oMethodArgs: { evt: { type: "mouseout" }, elem: jNext } });
					jNext.addClass("cl-header-btn-disabled");
				}
				return true;
			}]]>
			</body>
		</method>
		<method name="Next" label="DISPLAY NEXT ITEM" access="public">
			<params>
			</params>
			<body>
			<![CDATA[function Next(argobj)
			{
				if(CLO[argobj.pid].div==null) return false;
				CLO[argobj.pid].CallMethod({ sMethod: "Display", oMethodArgs: { elindex: CLO[argobj.pid].data.iCurrent + 1 } });
				return true;
			}]]>
			</body>
		</method>
		<method name="Prev" label="DISPLAY PREV ITEM" access="public">
			<params>
			</params>
			<body>
			<![CDATA[function Prev(argobj)
			{
				if(CLO[argobj.pid].div==null) return false;
				CLO[argobj.pid].CallMethod({ sMethod: "Display", oMethodArgs: { elindex: CLO[argobj.pid].data.iCurrent - 1 } });
				return true;
			}]]>
			</body>
		</method>
		<method name="Display" label="SHOW" access="public">
			<params>
				<param name="elindex" label="Element number"/>
			</params>
			<body>
			<![CDATA[function Display(argobj)
			{
				var oCurObj = CLO[argobj.pid];
				if(oCurObj.div==null) return false;
				var jCurObjDiv = $(oCurObj.div);
				var iIndex = 1;
				if(argobj.elindex!=null)
				{
					iIndex = parseInt(argobj.elindex, 10);
					if(isNaN(iIndex)) return false;
					if(iIndex==0 && oCurObj.data.bDisplayDefaultText)
					{
						oCurObj.CallMethod({ sMethod: "UpdateButtons" });
						oCurObj.data.bDisplayDefaultText =  false;
						return true;
					}
				}
				else
				{
					if(argobj.elem!=null)
					{
						if($(argobj.elem).hasClass("cl-tab"))
						{
							iIndex = +$(argobj.elem).attr("data-number");
						}
						else if($(argobj.elem).hasClass("cl-header-btn-right"))
						{
							iIndex = CLO[argobj.pid].data.iCurrent + 1;
						}
						else if($(argobj.elem).hasClass("cl-header-btn-left"))
						{
							iIndex = CLO[argobj.pid].data.iCurrent - 1;
						}
					}
				}
				if(iIndex<1 || iIndex>oCurObj.data.iTotalElems) return false;
				jCurObjDiv.find(".cl-desc").hide();
				var iTabIdx = 1;
				jCurObjDiv.find(".cl-tab").each(function ()
				{
					if(oCurObj.data.bSpecColorsSelected)
					{
						$(this).removeClass("cl-tab-selected cl-tab-selected-" + iTabIdx);
					}
					else
					{
						$(this).removeClass("cl-tab-selected");
					}
					if(oCurObj.data.bSpecColorsIdle)
					{
						$(this).addClass("cl-tab-idle-" + iTabIdx);
					}
					else
					{
						$(this).addClass("cl-tab-idle");
					}
					iTabIdx++;
				});

				$("#" + argobj.pid + "_DESC_" + iIndex).show();
				var jTab = $("#" + argobj.pid + "_TAB_" + iIndex);
				if(oCurObj.data.bSpecColorsIdle)
				{
					jTab.removeClass("cl-tab-idle-" + iIndex);
				}
				else
				{
					jTab.removeClass("cl-tab-idle");
				}
				if(oCurObj.data.bSpecColorsSelected)
				{
					jTab.addClass("cl-tab-selected cl-tab-selected-" + iIndex);
				}
				else
				{
					jTab.addClass("cl-tab-selected");
				}
				oCurObj.FireEvent({ sName: "onDisplayItem" });
				if(iIndex==1 && oCurObj.data.iTotalElems>1)
				{
					oCurObj.FireEvent({ sName: "onFirstItem" });
				}
				else if(iIndex==oCurObj.data.iTotalElems && oCurObj.data.iTotalElems>1)
				{
					oCurObj.FireEvent({ sName: "onLastItem" });
				}
				var iIdx = $.inArray(iIndex, CLZ.oStore[argobj.pid]);
				if(iIdx==-1)
				{
					CLZ.oStore[argobj.pid].push(iIndex);
					if(CLZ.oStore[argobj.pid].length>=oCurObj.data.iTotalElems)
					{
						oCurObj.FireEvent({ sName: "onAllVisited" });
					}
				}
				else
				{
					CLZ.oStore[argobj.pid].splice(iIdx, 1);
					CLZ.oStore[argobj.pid].push(iIndex);
				}
				CL.Sound.Stop({ sId: argobj.pid, sEvent: "narration" });
				var sNarrationFile = $(oCurObj.jxParams.find("elements > item")[iIndex-1]).children("narration").text();
				if(sNarrationFile!="")
				{
					CL.Sound.Play({ sId: argobj.pid + "_" + argobj.iLevel, sEvent: "narration", sType: "custom", sFile: sNarrationFile });
				}
				else
				{
					CL.Sound.Stop({ sId: argobj.pid, sEvent: "narration" });					
				}
				oCurObj.data.iCurrent = iIndex;
				oCurObj.CallMethod({ sMethod: "UpdateButtons" });
				return true;
			}]]>
			</body>
		</method>
		<method name="GetProperty" label="_GetProperty" access="private">
			<params>
			</params>
			<body>
			<![CDATA[function GetProperty(argobj)
			{
				if(CLO[argobj.pid].div==null) return false;
				switch(argobj.property.toLowerCase())
				{
					case "allvisited":
					{
						return ((CLZ.oStore[argobj.pid].length>=oCurObj.data.iTotalElems) ? 1 : 0);
					}
					case "item":
					{
						return CLO[argobj.pid].data.iCurrent;
					}
				}
				return true;
			}]]>
			</body>
		</method>
    </methods>
</params>